0,1,2
SERANGOON NORTH AVENUE 1,cityhall,8.770868202812037 km
BELGRAVIA DRIVE,cityhall,9.653134169180765 km
CLUNY PARK ROAD,cityhall,5.254002623016982 km
EAST COAST AVENUE,cityhall,7.904248045212744 km
CHANCERY HILL ROAD,cityhall,3.5856526087658964 km
DYSON ROAD,cityhall,3.99747242151693 km
TAN SIM BOH ROAD,cityhall,3.9425249235235724 km
BEDOK SOUTH AVENUE 3,cityhall,10.667665824688433 km
WHAMPOA EAST,cityhall,3.4477392307226005 km
BALMORAL ROAD,cityhall,3.371979435957513 km
LIM AH PIN ROAD,cityhall,8.687805522340431 km
LORONG K TELOK KURAU,cityhall,6.484723420278912 km
UPPER SERANGOON VIEW,cityhall,10.92143179350769 km
ENG KONG ROAD,cityhall,10.583417407137993 km
ENG KONG TERRACE,cityhall,10.462834726671828 km
LORONG KISMIS,cityhall,10.317840906407067 km
UPPER TOH TUCK TERRACE,cityhall,10.53838036295991 km
FLOWER ROAD,cityhall,5.719153991876899 km
GROVE DRIVE,cityhall,8.04739707575364 km
GLASGOW ROAD,cityhall,8.06897505274351 km
CLUNY HILL,cityhall,4.913999122689164 km
SUNSHINE TERRACE,cityhall,6.2063732499334705 km
VANDA AVENUE,cityhall,7.33613849383676 km
CORONATION DRIVE,cityhall,6.149831158000405 km
JALAN MELOR,cityhall,5.490653605701757 km
JALAN CHENGKEK,cityhall,5.533731859593598 km
DA SILVA LANE,cityhall,8.532202030490438 km
GREENDALE RISE,cityhall,6.629263333872 km
JALAN LEMBAH THOMSON,cityhall,6.925646497645145 km
STILL LANE,cityhall,6.477345909197639 km
WAN THO AVENUE,cityhall,4.71874711446796 km
ONE TREE HILL,cityhall,3.0847472038659385 km
JALAN ARIF,cityhall,8.806438849725057 km
MARSHALL ROAD,cityhall,5.696292040821402 km
PARKSTONE ROAD,cityhall,4.981806383407497 km
LORONG AH SOO,cityhall,7.069639166100272 km
LORONG L TELOK KURAU,cityhall,6.487617609445412 km
HOW SUN DRIVE,cityhall,6.318669979822154 km
NIM TERRACE,cityhall,9.603057078395064 km
NIM RISE,cityhall,9.66389970890995 km
NORMANTON PARK,cityhall,6.608847263523067 km
JALAN ARNAP,cityhall,2.7805979335095605 km
JALAN KELAWAR,cityhall,2.855535239820689 km
JALAN LEMPENG,cityhall,10.563339024689846 km
LORONG 1 REALTY PARK,cityhall,9.199870468527015 km
HOUGANG AVENUE 7,cityhall,7.92729290342542 km
WEST COAST CRESCENT,cityhall,9.602617587668973 km
JALAN REDOP,cityhall,10.131594975739159 km
JALAN SAYANG,cityhall,7.650202099452336 km
RAMBAI ROAD,cityhall,6.205648831566658 km
SPRINGSIDE AVENUE,cityhall,12.719127745838051 km
SPRINGSIDE VIEW,cityhall,12.826531244009423 km
LORONG PUNTONG,cityhall,7.794268243059441 km
LORONG N TELOK KURAU,cityhall,6.482040572673578 km
WAK HASSAN DRIVE,cityhall,18.398250786952193 km
HONG LEE PLACE,cityhall,7.649689987335345 km
SUNBIRD AVENUE,cityhall,12.902748442229312 km
SUNBIRD ROAD,cityhall,12.717015732204494 km
JALAN LOYANG BESAR,cityhall,15.424403087577318 km
YIO CHU KANG DRIVE,cityhall,9.969461585196617 km
BARKER ROAD,cityhall,3.4767292888726415 km
JALAN KEMBANGAN,cityhall,6.708580024741245 km
BEDOK PLACE,cityhall,11.464759512123416 km
JALAN GREJA,cityhall,11.85839854576713 km
TAMAN BEDOK,cityhall,11.766460352924296 km
SIAK KEW AVENUE,cityhall,4.525353119118445 km
JALAN PERNAMA,cityhall,14.642624832439173 km
BINJAI PARK,cityhall,9.20487466410397 km
BINJAI RISE,cityhall,9.075236941636495 km
SERANGOON AVENUE 3,cityhall,9.183016311641985 km
DUNSFOLD DRIVE,cityhall,5.696113267837208 km
MUSWELL HILL,cityhall,5.786962713521706 km
LYNWOOD GROVE,cityhall,5.752257525850028 km
CLIFTON VALE,cityhall,5.991844666004523 km
MACKERROW ROAD,cityhall,5.97198645394389 km
COTSWOLD CLOSE,cityhall,5.999082226004765 km
MELROSE DRIVE,cityhall,6.188724066600512 km
JALAN MAT JAMBOL,cityhall,7.054140220917856 km
BURGUNDY RISE,cityhall,11.397279743737212 km
BURGUNDY DRIVE,cityhall,11.347720794092265 km
JALAN SIMPANG BEDOK,cityhall,11.273117348153729 km
GALLOP ROAD,cityhall,4.9844808485218 km
JALAN ILMU,cityhall,5.535351358011195 km
DUNEARN CLOSE,cityhall,5.3989971337720455 km
CHEE HOON AVENUE,cityhall,5.645085010780087 km
JALAN SENI,cityhall,5.42212130233147 km
JALAN UNGGAS,cityhall,5.12385993008391 km
JALAN SEJARAH,cityhall,5.505851477126434 km
JALAN BAHASA,cityhall,5.327096772872852 km
JALAN ADAT,cityhall,5.497726775837117 km
JALAN ASUHAN,cityhall,5.522385898877773 km
BRIGHT HILL CRESCENT,cityhall,7.3529612042842 km
JALAN SINAR BINTANG,cityhall,15.32613856383505 km
MARIAM CLOSE,cityhall,15.10428787213615 km
LENGKOK MARIAM,cityhall,15.082193731995613 km
JALAN SINAR BULAN,cityhall,15.2889796692312 km
JALAN MARIAM,cityhall,15.03519087872002 km
LA SALLE STREET,cityhall,7.785662859835323 km
CHESTNUT GARDENS,cityhall,12.583614998324302 km
JALAN EMAS URAI,cityhall,12.334329301633417 km
CHUAN GARDEN,cityhall,7.947420879124069 km
CHUAN LINK,cityhall,7.646009422502812 km
CHUAN PLACE,cityhall,7.575203800745998 km
CHUAN DRIVE,cityhall,7.555875216285884 km
CHUAN VIEW,cityhall,7.755127525104459 km
CHWEE CHIAN VIEW,cityhall,7.33560755957266 km
SUNSET SQUARE,cityhall,10.243274986762033 km
SUNSET PLACE,cityhall,10.06194602856236 km
SUNSET TERRACE,cityhall,10.048356659762149 km
SUNSET WALK,cityhall,10.011301179872582 km
SUNSET VIEW,cityhall,10.02692106255372 km
SUNSET CLOSE,cityhall,10.295240141750972 km
SUNSET VALE,cityhall,10.141750293574669 km
HONG SAN WALK,cityhall,14.968041416232026 km
CHOA CHU KANG AVENUE 1,cityhall,15.218737036442779 km
KANG CHOO BIN ROAD,cityhall,8.687958703630057 km
TANAH MERAH KECHIL AVENUE,cityhall,11.185189076591923 km
LEEDON HEIGHTS,cityhall,6.135253583745055 km
CORONATION ROAD,cityhall,7.363758391350222 km
DUCHESS AVENUE,cityhall,6.060697587438772 km
DUBLIN ROAD,cityhall,1.4777927076595587 km
TREVOSE CRESCENT,cityhall,4.865428534133313 km
BERRIMA ROAD,cityhall,4.69182843371064 km
SWANAGE ROAD,cityhall,4.965676110696334 km
KHEAM HOCK ROAD,cityhall,4.916603423061027 km
MERRYN ROAD,cityhall,5.127016827111866 km
SENNETT LANE,cityhall,9.893850187256037 km
SENNETT ROAD,cityhall,4.850010602678761 km
PASIR PANJANG DRIVE,cityhall,9.105569288395568 km
SENNETT PLACE,cityhall,9.844770605294716 km
TUA KONG WALK,cityhall,8.543394361662736 km
EASTWOOD GREEN,cityhall,11.826481677261379 km
EASTWOOD WAY,cityhall,12.08348261344465 km
EASTWOOD DRIVE,cityhall,11.870037519815272 km
JALAN NOVENA UTARA,cityhall,3.5034167380607153 km
JALAN NOVENA TIMOR,cityhall,3.496487946923117 km
JALAN NOVENA SELATAN,cityhall,3.427073908597227 km
JALAN LIM TAI SEE,cityhall,7.0663001572377135 km
EWART PARK,cityhall,8.33088297385069 km
BEGONIA DRIVE,cityhall,10.513899692855166 km
FLORENCE CLOSE,cityhall,8.470222189267956 km
FLORENCE ROAD,cityhall,8.594233973462837 km
JANSEN ROAD,cityhall,7.80087642877464 km
FUDU PARK,cityhall,10.789053401085544 km
FULTON ROAD,cityhall,7.887384735827114 km
LENTOR TERRACE,cityhall,10.5983681809966 km
JALAN UJI,cityhall,11.80161056624429 km
JALAN TUMPU,cityhall,11.899902414562973 km
JALAN ASAS,cityhall,11.75914308003565 km
JALAN SIAP,cityhall,11.913497373487624 km
SHAMAH TERRACE,cityhall,11.472318380148351 km
CONWAY CIRCLE,cityhall,7.462414656452061 km
LORONG 28 GEYLANG,cityhall,4.299061143981456 km
GERALD TERRACE,cityhall,10.816340958610555 km
LORONG 24 GEYLANG,cityhall,4.074637293440237 km
GERALD DRIVE,cityhall,10.898069115321139 km
GERALD CRESCENT,cityhall,10.717119875651653 km
LORONG 32 GEYLANG,cityhall,4.475793950364776 km
GENTLE ROAD,cityhall,3.1507715212168654 km
LI HWAN DRIVE,cityhall,7.15177606198421 km
LI HWAN CLOSE,cityhall,7.085567198954765 km
LORONG CHUAN,cityhall,6.596365137129906 km
LI HWAN TERRACE,cityhall,7.1124792087358895 km
LI HWAN WALK,cityhall,7.140625983464201 km
LI HWAN VIEW,cityhall,6.961291268837343 km
MEI HWAN ROAD,cityhall,6.828048452947171 km
TOH TUCK WALK,cityhall,10.943636630993533 km
KISMIS PLACE,cityhall,10.791739904884045 km
GOODLINK PARK,cityhall,15.096346647614418 km
GOODMAN ROAD,cityhall,4.996811413559114 km
TOH TUCK ROAD,cityhall,11.367586048432996 km
GREENWOOD WALK,cityhall,6.91375009689149 km
GREENWOOD AVENUE,cityhall,6.537435380037491 km
HAZEL PARK TERRACE,cityhall,13.102020616168343 km
SERANGOON GARDEN DRIVE,cityhall,7.965370758827075 km
SERANGOON GARDEN TERRACE,cityhall,8.083323747547935 km
SERANGOON GARDEN PLACE,cityhall,7.9047300323038945 km
SERANGOON GARDEN RISE,cityhall,8.02613297124056 km
SERANGOON GARDEN CLOSE,cityhall,7.844770402061774 km
HOLLAND GROVE ROAD,cityhall,8.02371280499606 km
MOUNT SINAI ROAD,cityhall,8.089399104073102 km
GROVE CRESCENT,cityhall,7.915623174154948 km
KOON SENG ROAD,cityhall,5.843389944280583 km
GROVE AVENUE,cityhall,7.804353170179305 km
MOUNT SINAI LANE,cityhall,7.937401305049004 km
HIGHGATE CRESCENT,cityhall,10.898473729729847 km
FERNVALE ROAD,cityhall,11.303660927257882 km
HILLCREST ROAD,cityhall,6.464116726183649 km
GREENMEAD AVENUE,cityhall,6.6115742316027575 km
PHOENIX ROAD,cityhall,14.137975704790364 km
HILLVIEW DRIVE,cityhall,12.303549518914306 km
HOLLAND GREEN,cityhall,8.530405430649926 km
MOONBEAM WALK,cityhall,8.387924591305357 km
MOONBEAM DRIVE,cityhall,8.221373408629873 km
MOONBEAM TERRACE,cityhall,8.358258020874363 km
MOONBEAM VIEW,cityhall,8.289386203886224 km
CHUN TIN ROAD,cityhall,10.137492807954034 km
ANG MO KIO AVENUE 2,cityhall,7.904646971531425 km
LORONG PISANG EMAS,cityhall,10.32024561898913 km
YUK TONG AVENUE,cityhall,10.18721068118676 km
LORONG PISANG RAJA,cityhall,10.362341483275229 km
LORONG PISANG BATU,cityhall,10.271398334435801 km
INGGU ROAD,cityhall,18.643889364977593 km
KANG CHOO BIN WALK,cityhall,8.60809534350471 km
JOO CHIAT PLACE,cityhall,5.717018560901202 km
CHUAN HOE AVENUE,cityhall,8.23577112184489 km
JALAN TUA KONG,cityhall,8.436857498376138 km
OCEAN DRIVE,cityhall,4.76765063825163 km
KELULUT HILL,cityhall,10.29661510542975 km
JALAN KECHUBONG,cityhall,10.617001175627697 km
LIMAU WALK,cityhall,11.394118251932063 km
YARWOOD AVENUE,cityhall,9.021894348116286 km
WILMONAR AVENUE,cityhall,9.070083332756143 km
KING'S ROAD,cityhall,5.676563197331234 km
KING'S CLOSE,cityhall,6.004117593991636 km
JALAN SENYUM,cityhall,7.565747156869617 km
LORONG KEMBANGAN,cityhall,6.943156983854393 km
TAMAN SELAMAT,cityhall,7.6981731689871005 km
KING'S WALK,cityhall,6.114376087341921 km
JALAN SELAMAT,cityhall,7.752338822993406 km
RECREATION LANE,cityhall,6.9198265372168155 km
SWISS VIEW,cityhall,9.17635927084468 km
JALAN LABU AYER,cityhall,6.086713654395769 km
BRANKSOME ROAD,cityhall,4.99480611176733 km
SANDILANDS ROAD,cityhall,8.063827842896625 km
PONGGOL SEVENTEENTH AVENUE,cityhall,14.528910347445178 km
JALAN TELITI,cityhall,8.454458873798874 km
JALAN LAPANG,cityhall,8.064384939310285 km
MAYFIELD AVENUE,cityhall,4.438471922927113 km
PAYA LEBAR STREET,cityhall,6.225094914022625 km
CHIAP GUAN AVENUE,cityhall,7.853756409155302 km
DUKU ROAD,cityhall,5.930424033175232 km
JALAN TANAH PUTEH,cityhall,8.987497518766746 km
CHARLTON ROAD,cityhall,7.563923709624152 km
LANGE ROAD,cityhall,7.623862040535997 km
SIMON PLACE,cityhall,8.564181582293212 km
HOLLAND GROVE WALK,cityhall,8.257636105436116 km
CHU LIN ROAD,cityhall,12.471260120627635 km
LORONG LEW LIAN,cityhall,6.840212229577064 km
PENAGA PLACE,cityhall,18.59038804547587 km
CARPMAEL ROAD,cityhall,5.533463550696604 km
QUEEN'S ROAD,cityhall,5.743763080040008 km
CRANE ROAD,cityhall,5.675871803362304 km
BEDOK WALK,cityhall,11.320367511281388 km
TEMBELING ROAD,cityhall,5.811966174137286 km
BUNGA RAMPAI PLACE,cityhall,6.220435859552281 km
UPPER CHANGI ROAD EAST,cityhall,13.958518463012576 km
LORONG GAMBIR,cityhall,6.308794883562057 km
SECOND AVENUE,cityhall,7.159834325135868 km
LORONG H TELOK KURAU,cityhall,6.981335244061567 km
PHILLIPS AVENUE,cityhall,8.197535138359347 km
JALAN MINGGU,cityhall,6.919630552941987 km
HUA GUAN AVENUE,cityhall,8.88761790171973 km
FERNHILL CLOSE,cityhall,3.9454315752336973 km
JALAN KASAU,cityhall,17.251137755301613 km
LIM TAI SEE WALK,cityhall,7.419230442007707 km
HAI SING CRESCENT,cityhall,9.163430537650452 km
CORONATION ROAD WEST,cityhall,7.363758391350222 km
HAIG LANE,cityhall,5.392662880796508 km
WESTLAKE AVENUE,cityhall,6.0531843180647815 km
HARVEY CLOSE,cityhall,12.410290924977337 km
LANGSAT ROAD,cityhall,5.825049048937424 km
RICHARDS PLACE,cityhall,8.183595553004045 km
COVE DRIVE,cityhall,6.425470907415739 km
LILY AVENUE,cityhall,7.610290135584111 km
AROOZOO LANE,cityhall,7.5094169215285875 km
JOO CHIAT AVENUE,cityhall,6.846968160278488 km
ST. FRANCIS ROAD,cityhall,3.6224754628095024 km
HOLLAND GROVE DRIVE,cityhall,8.13269150020727 km
EVERITT ROAD,cityhall,6.038193234978865 km
SERAYA ROAD,cityhall,5.417638327107747 km
LEITH PARK,cityhall,7.970526859040674 km
JALAN INTAN,cityhall,12.428578263095975 km
FOWLIE ROAD,cityhall,5.852680562237631 km
GAMBIR WALK,cityhall,6.198171757298845 km
MUGLISTON ROAD,cityhall,5.472888355036735 km
LORONG PAYA LEBAR,cityhall,4.9639291750601995 km
MARLENE AVENUE,cityhall,7.669084891531342 km
TOH TUCK DRIVE,cityhall,10.532897912275622 km
THIRD STREET,cityhall,8.329765494882992 km
JALAN WARINGIN,cityhall,7.952684183403893 km
LOWLAND ROAD,cityhall,8.288659613489584 km
MOUNT SINAI VIEW,cityhall,8.312710608592269 km
HIGHLAND ROAD,cityhall,7.442704366355196 km
DEDAP ROAD,cityhall,10.61458320785109 km
LORONG SIGLAP,cityhall,8.196856565568309 km
NAMLY PLACE,cityhall,6.823225322709225 km
GREENBANK PARK,cityhall,9.28805298917589 km
JALAN PERGAM,cityhall,13.241556777769402 km
LAKESHORE VIEW,cityhall,5.140710865569006 km
GARDENIA ROAD,cityhall,7.308243327480779 km
LUCKY HEIGHTS,cityhall,10.034521214323197 km
LORONG 30 GEYLANG,cityhall,4.394706870578967 km
JALAN BAIDURI,cityhall,6.864786279267912 km
HENDRY CLOSE,cityhall,7.999448870510177 km
GARLICK AVENUE,cityhall,8.024340606795205 km
AH SOO WALK,cityhall,7.311587925052499 km
NIVEN ROAD,cityhall,1.1185741029564058 km
SIRAT ROAD,cityhall,7.622730146238293 km
SOO CHOW RISE,cityhall,7.179377429541993 km
LORONG SALLEH,cityhall,6.943156983854393 km
JALAN KECHOT,cityhall,6.708580024741245 km
JALAN TARI ZAPIN,cityhall,11.783602675847883 km
CRANBORNE ROAD,cityhall,4.038179717343128 km
WOODGROVE AVENUE,cityhall,16.210621765173794 km
TOH YI ROAD,cityhall,10.374323537108074 km
SHREWSBURY ROAD,cityhall,2.8548446515155717 km
ZEHNDER ROAD,cityhall,7.430629600143082 km
MARTIA ROAD,cityhall,6.678881288991518 km
JALAN HAJI SALAM,cityhall,11.626690484173428 km
LIMAU GROVE,cityhall,11.468717531293494 km
POOLE ROAD,cityhall,4.982296341061126 km
JALAN CHORAK,cityhall,8.094772445738208 km
LORONG G TELOK KURAU,cityhall,6.46964832456488 km
JALAN BUNGA RAMPAI,cityhall,6.282556215355628 km
MULBERRY AVENUE,cityhall,4.858457714226613 km
ELLIOT WALK,cityhall,9.03947849623993 km
EATON PLACE,cityhall,7.759133695643147 km
JALAN GRISEK,cityhall,7.9490463469645505 km
JALAN KRIAN,cityhall,7.739746720940713 km
KEW HEIGHTS,cityhall,11.17535300031781 km
KING ALBERT PARK,cityhall,9.401852948977195 km
SPRINGLEAF ROAD,cityhall,2.118293896484388 km
LIM TUA TOW ROAD,cityhall,7.254658734335716 km
GERALD PARK,cityhall,10.809775781001285 km
ST. PATRICK'S ROAD,cityhall,7.184487712250615 km
CRESCENT ROAD,cityhall,4.748373408957755 km
ANDREWS TERRACE,cityhall,18.392099971064688 km
JALAN LADA PUTEH,cityhall,2.465609965259452 km
CORONATION WALK,cityhall,5.840136911558208 km
GREENWOOD PLACE,cityhall,6.85250615534649 km
JALAN ISNIN,cityhall,6.9100210353185405 km
LORONG J TELOK KURAU,cityhall,6.461036149869654 km
LORONG ABU TALIB,cityhall,8.87124543001994 km
MOUNT ROSIE ROAD,cityhall,3.5472707681873556 km
ROSYTH ROAD,cityhall,8.233327423606983 km
FIFTH AVENUE,cityhall,7.502793251651819 km
NAMLY RISE,cityhall,7.498042498973491 km
MANGIS ROAD,cityhall,6.080595225372323 km
SIAN TUAN AVENUE,cityhall,8.760722360438855 km
BELMONT ROAD,cityhall,6.403682528518717 km
DEVONSHIRE ROAD,cityhall,1.7313655062339506 km
JALAN SEAVIEW,cityhall,4.699984278059122 km
JALAN HAJI ALIAS,cityhall,7.004239343628459 km
PINEWOOD GROVE,cityhall,17.00139349584832 km
BROADRICK CLOSE,cityhall,4.450600201178362 km
LORONG 7 REALTY PARK,cityhall,9.208120859507734 km
SIXTH AVENUE,cityhall,7.671348613683539 km
JALAN RABU,cityhall,6.943680200306666 km
EVERITT ROAD NORTH,cityhall,6.038193234978865 km
MENG SUAN ROAD,cityhall,12.820419667099326 km
GREENLEAF PLACE,cityhall,8.17746973221219 km
JALAN CHEGAR,cityhall,6.893937165257949 km
LINDEN DRIVE,cityhall,7.069844897953246 km
JALAN CHEMPAKA PUTEH,cityhall,11.544633194725495 km
WATTEN CLOSE,cityhall,6.108258291182966 km
SIOK WAN CLOSE,cityhall,7.238765804934157 km
JALAN LENGKOK SEMBAWANG,cityhall,15.247175325772002 km
LORONG 14 GEYLANG,cityhall,3.637470039846579 km
MOUNT SINAI DRIVE,cityhall,8.231509698767608 km
TOH CLOSE,cityhall,10.832282768146005 km
SIMON ROAD,cityhall,8.438224664403744 km
SOO CHOW VIEW,cityhall,7.16384938813003 km
TANAH MERAH BESAR LANE,cityhall,15.541027393051351 km
CAMBRIDGE ROAD,cityhall,2.471615345092546 km
PULASAN ROAD,cityhall,6.331781558017259 km
JALAN KUAK,cityhall,6.875409553200798 km
PEGU ROAD,cityhall,3.3036739572252554 km
KEW LANE,cityhall,11.093777736287194 km
LORONG MYDIN,cityhall,7.168950560697972 km
WALTON ROAD,cityhall,4.600936916769473 km
BO SENG AVENUE,cityhall,4.050182736164304 km
ANGSANA AVENUE,cityhall,4.890525713017064 km
KEW WALK,cityhall,11.394118251932063 km
JALAN AMPANG,cityhall,7.128422034500909 km
NALLUR ROAD,cityhall,9.164828471746041 km
HOW SUN ROAD,cityhall,6.525295814968943 km
HIGHLAND CLOSE,cityhall,7.807185749000436 km
JALAN KESOMA,cityhall,6.579867379572001 km
MATLOCK RISE,cityhall,6.000614790544494 km
WOO MON CHEW ROAD,cityhall,8.87844511762494 km
LICHI AVENUE,cityhall,5.081579169761146 km
EAST COAST DRIVE,cityhall,7.961631910655788 km
JALAN MACHANG,cityhall,18.201986956513963 km
WOLSKEL ROAD,cityhall,6.209336640682501 km
JALAN SEGAM,cityhall,13.392855585226375 km
PUAY HEE AVENUE,cityhall,4.448074704296875 km
CEDARWOOD GROVE,cityhall,17.04470318324149 km
JALAN TAMBUR,cityhall,8.33677250553445 km
SWISS CLUB LANE,cityhall,8.452427521243083 km
SIMON WALK,cityhall,8.470231279865283 km
SENNETT TERRACE,cityhall,9.956224803052454 km
JALAN WANGI,cityhall,4.726165247093412 km
LORONG 101 CHANGI,cityhall,5.857604787486719 km
DUKE'S ROAD,cityhall,5.530680302242118 km
JALAN KAYU MANIS,cityhall,2.3950281019084207 km
JALAN LYE KWEE,cityhall,9.976665937611347 km
FABER GREEN,cityhall,4.192572724589971 km
WISHART ROAD,cityhall,4.997591304011395 km
TAN KIM CHENG ROAD,cityhall,5.513713180444701 km
BRIGHT HILL DRIVE,cityhall,7.434371651058743 km
LENGKONG LIMA,cityhall,7.688634396482261 km
GREENLEAF DRIVE,cityhall,8.306681843377254 km
JALAN PACHELI,cityhall,6.973067198017866 km
JALAN HARI RAYA,cityhall,6.9881170593576964 km
JOO AVENUE,cityhall,2.4595094043900794 km
THIRD AVENUE,cityhall,7.208896089513332 km
TOH TUCK CLOSE,cityhall,10.832282768146005 km
TELOK KURAU ROAD,cityhall,6.8440006558686255 km
BEDOK GARDEN,cityhall,11.15721311886498 km
LORONG 36 GEYLANG,cityhall,4.622963065042264 km
DAISY AVENUE,cityhall,5.962870798523247 km
KARIKAL LANE,cityhall,6.568352485429067 km
JALAN KEMBOJA,cityhall,4.74363880318268 km
LENGKONG DUA,cityhall,7.580861979570659 km
CHATSWORTH PARK,cityhall,3.6824526466982017 km
UPPER PAYA LEBAR ROAD,cityhall,6.232300439911279 km
BEECHWOOD GROVE,cityhall,16.961451689309804 km
JALAN LANA,cityhall,8.125629509721644 km
SWETTENHAM ROAD,cityhall,5.362592470088147 km
OLIVE ROAD,cityhall,5.319853593238468 km
GOLDHILL DRIVE,cityhall,3.7463749939316893 km
EMERALD HILL ROAD,cityhall,1.8887120830710777 km
HILLSIDE TERRACE,cityhall,7.62592152310262 km
SUNSET CRESCENT,cityhall,10.21076617961341 km
CABLE ROAD,cityhall,4.397238974280929 km
LUCKY VIEW,cityhall,10.054286153857122 km
LORONG 6 REALTY PARK,cityhall,9.161957938333364 km
BEDOK CLOSE,cityhall,11.404968300588148 km
NAMLY AVENUE,cityhall,6.8924278415437605 km
CASSIA DRIVE,cityhall,7.132079696219877 km
ST. ANNE'S WOOD,cityhall,12.338133021325037 km
JALAN TEMPUA,cityhall,4.955581995562739 km
WATTEN ESTATE ROAD,cityhall,6.036439859487725 km
FABER TERRACE,cityhall,11.143710557412087 km
TOH TUCK TERRACE,cityhall,10.611943721931315 km
MAKEPEACE ROAD,cityhall,2.3641372865101524 km
GREENLEAF ROAD,cityhall,7.8559208444847695 km
PONGGOL TWENTY-FOURTH AVENUE,cityhall,15.337963678085064 km
LORONG 107 CHANGI,cityhall,6.312054122956583 km
JALAN TANI,cityhall,8.805371367272244 km
KEE SUN AVENUE,cityhall,8.696165355545956 km
SALLIM ROAD,cityhall,4.891222692723252 km
HIGHLAND TERRACE,cityhall,7.868928442430527 km
JALAN BUMBONG,cityhall,17.07046932304094 km
DEDAP LINK,cityhall,10.598449171432863 km
WATTEN TERRACE,cityhall,6.097708208145365 km
LILAC ROAD,cityhall,9.913090521769618 km
WILLOW AVENUE,cityhall,5.065196021340582 km
JALAN LEPAS,cityhall,7.912918890585981 km
TOH DRIVE,cityhall,10.07366336487047 km
JALAN RAYA,cityhall,6.9881170593576964 km
JALAN KATHI,cityhall,11.690039047073546 km
PRIMROSE AVENUE,cityhall,9.536721943323089 km
EE TEOW LENG ROAD,cityhall,7.662311596650407 km
SENNETT CLOSE,cityhall,9.963926772985465 km
DALVEY ESTATE,cityhall,4.406553336602054 km
BROADRICK ROAD,cityhall,4.309970354536751 km
BRIGHTON CRESCENT,cityhall,7.987769619805563 km
SOMMERVILLE WALK,cityhall,5.871320279219136 km
NAMLY HILL,cityhall,6.972858020531139 km
WILTSHIRE ROAD,cityhall,10.275337957158133 km
FERNHILL CRESCENT,cityhall,3.9083424167458505 km
CHANCERY LANE,cityhall,3.3084610757896717 km
JALAN TERUBOK,cityhall,6.977821204571834 km
TREASURE ISLAND,cityhall,4.979358514482212 km
MACPHERSON ROAD,cityhall,4.425665788389379 km
ELITE PARK AVENUE,cityhall,8.21659766738745 km
AH SOO GARDEN,cityhall,7.240333884341686 km
RECREATION ROAD,cityhall,7.019459658405822 km
JALAN NAGA SARI,cityhall,7.307703756444645 km
LENGKONG TIGA,cityhall,7.316232473685824 km
LORONG HOW SUN,cityhall,6.397758840222612 km
RAMSGATE ROAD,cityhall,4.27013329094918 km
JALAN TARI PIRING,cityhall,11.812128070212248 km
JALAN ELOK,cityhall,2.343026621490448 km
ASTRID HILL,cityhall,7.240932637611588 km
OLD HOLLAND ROAD,cityhall,8.224399730750164 km
JOO CHIAT WALK,cityhall,7.219137465358424 km
JALAN PARAS,cityhall,7.949600634928147 km
LORONG 106 CHANGI,cityhall,6.236014637350484 km
JOON HIANG ROAD,cityhall,7.009650216676428 km
EAST SUSSEX LANE,cityhall,7.261542363606454 km
SOO CHOW DRIVE,cityhall,7.162854403961057 km
JALAN TANJONG,cityhall,10.871971122045911 km
VICTORIA PARK CLOSE,cityhall,6.128592371384932 km
JALAN POKOK SERUNAI,cityhall,9.643138966590831 km
JALAN LATEH,cityhall,6.22528684004793 km
HOLLAND PARK,cityhall,5.741821979374124 km
LUCKY RISE,cityhall,11.515933625720344 km
MING TECK PARK,cityhall,7.684382709306744 km
JERVOIS ROAD,cityhall,2.9934616143913124 km
VANDA CRESCENT,cityhall,7.3945299822320765 km
FORD AVENUE,cityhall,6.92143954431975 km
CHESTNUT CRESCENT,cityhall,12.487418111592158 km
CHERRY AVENUE,cityhall,7.876685336608253 km
JALAN BELANGKAS,cityhall,5.504122092574774 km
FABER CRESCENT,cityhall,4.139738289670502 km
JALAN NOVENA,cityhall,3.427073908597227 km
LYNDHURST ROAD,cityhall,4.075401342743297 km
JALAN HOCK CHYE,cityhall,8.392940715240542 km
GRANGE ROAD,cityhall,3.1831648435797133 km
PAYA LEBAR PLACE,cityhall,7.004171987824319 km
JALAN LANGGAR BEDOK,cityhall,11.515793212452117 km
LEITH ROAD,cityhall,7.823266260295691 km
FABER WALK,cityhall,11.092718756357081 km
GREENDALE AVENUE,cityhall,6.592947759771147 km
JALAN SUASA,cityhall,12.40507156574431 km
MOONSTONE LANE,cityhall,4.068487625418202 km
BEDOK RIA PLACE,cityhall,11.634322061823301 km
FABER DRIVE,cityhall,10.912361830468244 km
JALAN KURNIA,cityhall,6.65127616588982 km
EASTWOOD TERRACE,cityhall,12.092926640016533 km
BARBARY WALK,cityhall,5.202830381683717 km
KWONG AVENUE,cityhall,4.56878738269989 km
NAMLY GARDEN,cityhall,6.996062817191386 km
KINGSMEAD ROAD,cityhall,6.093924160853014 km
ELIAS ROAD,cityhall,13.696176183305509 km
LORONG NANGKA,cityhall,6.352981671880212 km
GREENLEAF RISE,cityhall,7.996782600378404 km
LORONG 105 CHANGI,cityhall,6.1810437073642115 km
DAISY ROAD,cityhall,5.899012004745015 km
JALAN KAMPONG CHANTEK,cityhall,8.467897933246833 km
SAUNDERS ROAD,cityhall,1.8887120830710777 km
LENGKONG EMPAT,cityhall,7.741514862706356 km
CAMBORNE ROAD,cityhall,4.888823907354758 km
VICTORIA PARK ROAD,cityhall,5.976500448997027 km
HOW SUN CLOSE,cityhall,6.4404106854656495 km
HAIG AVENUE,cityhall,5.408957768286842 km
JALAN JAMAL,cityhall,8.409990860237173 km
LORONG 34 GEYLANG,cityhall,4.549977360968609 km
LORONG 39 GEYLANG,cityhall,4.885530072948426 km
FABER GROVE,cityhall,11.20725969105046 km
SENNETT DRIVE,cityhall,9.955904224430158 km
JALAN PELANGI,cityhall,7.091126557124672 km
JALAN GUMILANG,cityhall,12.426859171713378 km
MARGATE ROAD,cityhall,4.172929470498699 km
LORONG KEMBANG,cityhall,4.8486329940207025 km
HAPPY AVENUE EAST,cityhall,5.311702520154388 km
MAYFLOWER PLACE,cityhall,9.034524436758833 km
JALAN PASIRAN,cityhall,3.3403634902509434 km
JALAN SEDAP,cityhall,4.710523985721307 km
BINJAI HILL,cityhall,8.97550294210858 km
LEEDON ROAD,cityhall,6.633695989469878 km
SOMMERVILLE ROAD,cityhall,6.023184255094734 km
JALAN KHAMIS,cityhall,6.945026649278234 km
JALAN LIMAU PURUT,cityhall,10.938032496083673 km
JALAN GELAM,cityhall,18.299291032926334 km
NASSIM ROAD,cityhall,3.2588147935797154 km
EVELYN ROAD,cityhall,2.823050744597662 km
DALKEITH ROAD,cityhall,4.766336095805943 km
KIM YAM ROAD,cityhall,1.5354227727765357 km
NEO PEE TECK LANE,cityhall,9.331086876207404 km
MAPLE AVENUE,cityhall,7.910052694566716 km
BOURNEMOUTH ROAD,cityhall,4.994322928638094 km
EVERGREEN GARDENS,cityhall,9.452648909015567 km
TUDOR CLOSE,cityhall,5.120120593555107 km
JALAN GOTONG ROYONG,cityhall,6.656675400293764 km
LENGKOK MERAK,cityhall,3.1714041806113022 km
KOVAN CLOSE,cityhall,7.901333374313466 km
SURIN LANE,cityhall,7.4944553342138125 km
SUNSET GROVE,cityhall,10.319850725869367 km
JALAN PARI KIKIS,cityhall,10.904187014468446 km
RIDLEY PARK,cityhall,4.301747197751419 km
LORONG STANGEE,cityhall,6.401502597018741 km
BEDOK AVENUE,cityhall,10.667665824688433 km
LORONG BIAWAK,cityhall,6.301708858734503 km
JALAN GENDANG,cityhall,8.241702969099235 km
WILKINSON ROAD,cityhall,5.007339013672177 km
HAI SING ROAD,cityhall,9.27502815475402 km
WATTEN PARK,cityhall,6.2266311459996775 km
JALAN KEMAMAN,cityhall,3.679429731392722 km
JALAN JAMBU AYER,cityhall,8.494934680708585 km
LORONG M TELOK KURAU,cityhall,6.484041756132883 km
JALAN DEMAK,cityhall,13.422945346478873 km
ST. MICHAEL'S ROAD,cityhall,3.822547596971694 km
UPPER NERAM ROAD,cityhall,10.5484537316582 km
HARLYN ROAD,cityhall,4.689446097478953 km
JALAN GIRANG,cityhall,6.250663479185255 km
CLOVER AVENUE,cityhall,6.4647136148013296 km
JALAN LOKAM,cityhall,6.700680925841402 km
JALAN SANKAM,cityhall,18.29880343057103 km
SEA BREEZE ROAD,cityhall,12.114937321634354 km
SUNRISE AVENUE,cityhall,10.839743425800563 km
TOH CRESCENT,cityhall,10.984612409774854 km
INSTITUTION HILL,cityhall,1.4744887717056823 km
CHIN TERRACE,cityhall,15.643786561654114 km
JALAN NIPAH,cityhall,11.68608889159526 km
JALAN KERIS,cityhall,7.605020210434349 km
COVE WAY,cityhall,5.0211096201122425 km
OAKWOOD GROVE,cityhall,16.90997067991956 km
FIRST AVENUE,cityhall,9.542384328277286 km
PASIR PANJANG HILL,cityhall,7.565110598075981 km
ELIZABETH DRIVE,cityhall,12.625685195371748 km
LORONG 108 CHANGI,cityhall,6.338236430453182 km
THOMSON TERRACE,cityhall,9.784793556906914 km
JALAN ULU SIGLAP,cityhall,8.735185377730863 km
JALAN TARI SERIMPI,cityhall,11.805928295162094 km
ELM AVENUE,cityhall,8.108453213301967 km
LEEDON PARK,cityhall,6.8287573178873595 km
UPPER BEDOK ROAD,cityhall,9.239981838783539 km
JALAN RIMAU,cityhall,7.212903431381142 km
SECOND STREET,cityhall,8.190052374676922 km
SWETTENHAM CLOSE,cityhall,5.090931447261038 km
EAST COAST TERRACE,cityhall,11.597300216143475 km
JALAN JAMBU BATU,cityhall,8.566633330104473 km
JALAN TENANG,cityhall,7.641588040763712 km
LORONG PISANG UDANG,cityhall,10.517127708944791 km
DAFFODIL DRIVE,cityhall,7.221002338114625 km
JALAN BERJAYA,cityhall,6.608804500329471 km
HILLVIEW WAY,cityhall,12.358254075083348 km
TAY LIAN TECK ROAD,cityhall,8.815246613414672 km
CHATSWORTH AVENUE,cityhall,3.813175220801805 km
JALAN HAJIJAH,cityhall,9.495290363093842 km
JALAN MELATI,cityhall,5.228895482768902 km
JALAN BULOH PERINDU,cityhall,7.820766006281199 km
JALAN SAHABAT,cityhall,7.724900474064403 km
JALAN BINGKA,cityhall,9.664296028394642 km
LOTUS AVENUE,cityhall,7.733941448766222 km
KERONG LANE,cityhall,18.521094956795807 km
JALAN SELANTING,cityhall,10.847011750500851 km
LIM TECK BOO ROAD,cityhall,6.5834526187741575 km
NAMLY DRIVE,cityhall,6.865833258911296 km
PILLAI ROAD,cityhall,6.720120101163529 km
JALAN SENTOSA,cityhall,7.8747111131084715 km
JALAN ISTIMEWA,cityhall,7.657665031943619 km
LUTHERAN ROAD,cityhall,5.6836317232971885 km
LERMIT ROAD,cityhall,4.377654616970119 km
JALAN SONGKET,cityhall,7.829798454500179 km
BIN TONG PARK,cityhall,6.780218675103272 km
JALAN KAYU,cityhall,11.790810322100661 km
JASMINE ROAD,cityhall,7.361677935353709 km
GREENLEAF AVENUE,cityhall,8.154435381884117 km
BUCKLEY ROAD,cityhall,2.9302998008958197 km
DUKU PLACE,cityhall,6.233281413902423 km
MARTABAN ROAD,cityhall,3.3868065171927784 km
CHESTNUT TERRACE,cityhall,12.407775906703746 km
JALAN KORBAN,cityhall,6.63111382350213 km
TRURO ROAD,cityhall,2.295396661588547 km
HOLLAND GROVE LANE,cityhall,8.183620592564335 km
JALAN KUANG,cityhall,13.532513200285075 km
MARYLAND DRIVE,cityhall,7.857638980594376 km
RAMBUTAN ROAD,cityhall,6.2757142728534765 km
KENANGA AVENUE,cityhall,5.067513577191803 km
PEARL ISLAND,cityhall,5.970633793169487 km
JALAN KELEMPONG,cityhall,14.981860179954158 km
NAMLY VIEW,cityhall,7.091945126648469 km
BEGONIA TERRACE,cityhall,10.603978348696133 km
LEWIS ROAD,cityhall,4.471418232727637 km
REBECCA ROAD,cityhall,6.448385923702296 km
ANDREW ROAD,cityhall,4.839815223496249 km
HAIG ROAD,cityhall,5.372910600218746 km
DIX ROAD,cityhall,7.838731359315683 km
JALAN RINDU,cityhall,6.337230163253787 km
KOVAN ROAD,cityhall,7.386374541702659 km
GALISTAN AVENUE,cityhall,14.006679003716652 km
BRIZAY PARK,cityhall,8.460846791163958 km
LEMON AVENUE,cityhall,7.6011288417396115 km
PARBURY AVENUE,cityhall,10.455446529450937 km
GALLOP PARK ROAD,cityhall,5.105687064634354 km
JALAN ANGGEREK,cityhall,5.381970802699372 km
CEDAR AVENUE,cityhall,5.081564575281555 km
JALAN LABU MERAH,cityhall,6.2860305526692315 km
WOODSVILLE CLOSE,cityhall,4.346522723957009 km
BRIGHTON AVENUE,cityhall,7.907459948541893 km
JALAN GELEGAR,cityhall,17.21597186354022 km
GOLDHILL RISE,cityhall,3.6293722380467646 km
CLOVER CLOSE,cityhall,6.312865321151374 km
SIANG KUANG AVENUE,cityhall,4.428139677012829 km
LORONG BANDANG,cityhall,6.789696963323039 km
HOW SUN AVENUE,cityhall,6.480927736520472 km
DALVEY ROAD,cityhall,4.420735141541857 km
CLOVER RISE,cityhall,6.294123972274522 km
CHATSWORTH ROAD,cityhall,8.82491436670427 km
BEDOK RISE,cityhall,11.515933625720344 km
HAPPY AVENUE NORTH,cityhall,5.143482104116557 km
STRATTON PLACE,cityhall,9.737276075814897 km
HARVEY AVENUE,cityhall,12.43326609891779 km
ROBIN ROAD,cityhall,3.8885786025432973 km
THAM SOONG AVENUE,cityhall,10.254940770997822 km
WESTRIDGE WALK,cityhall,7.16978051802161 km
FOO KIM LIN ROAD,cityhall,7.230890102482175 km
CHU YEN STREET,cityhall,12.608401000393004 km
LORNIE WALK,cityhall,6.209245432125171 km
JUBILEE ROAD,cityhall,9.874458814978217 km
CHARLTON LANE,cityhall,7.619582239252353 km
VANDA DRIVE,cityhall,7.324238648479467 km
CARLISLE ROAD,cityhall,2.2697539784880663 km
GUILLEMARD CRESCENT,cityhall,3.5326289633398145 km
JALAN CHERMAT,cityhall,6.916849619390823 km
NAMLY CRESCENT,cityhall,7.155681847731783 km
HOOT KIAM ROAD,cityhall,2.4779832619244306 km
BEDOK LANE,cityhall,11.394213919033168 km
JALAN JENDELA,cityhall,17.08449891539959 km
JALAN PANDAN,cityhall,7.1496273357509 km
JALAN TENON,cityhall,7.697695641351653 km
VANDA ROAD,cityhall,7.359423528264544 km
GALLOP PARK,cityhall,5.33114365023392 km
SIGLAP GARDENS,cityhall,8.287728334652334 km
AVON ROAD,cityhall,4.269053243173946 km
JALAN SIANTAN,cityhall,7.051074043220384 km
SEMBAWANG PLACE,cityhall,16.384240235426397 km
ROBIN CLOSE,cityhall,4.021813542926404 km
TOH TUCK CRESCENT,cityhall,10.984612409774854 km
LORONG 16 GEYLANG,cityhall,3.6472703798784023 km
TREVOSE PLACE,cityhall,5.194532519343103 km
JALAN WAJEK,cityhall,9.514250257674254 km
JALAN TEMBUSU,cityhall,5.4286887122039165 km
WATTEN RISE,cityhall,6.405907348892907 km
WATTEN VIEW,cityhall,6.229604250169876 km
BELIMBING AVENUE,cityhall,4.878011594521253 km
NEIL ROAD,cityhall,1.7320913446355246 km
MAYFLOWER DRIVE,cityhall,9.004814630181516 km
OEI TIONG HAM PARK,cityhall,7.1876909396522395 km
JALAN SUKACHITA,cityhall,6.2849901322332675 km
SELETAR GREEN AVENUE,cityhall,10.056055571437621 km
LORONG SELANGAT,cityhall,6.007343439362961 km
JALAN TARI DULANG,cityhall,12.033887429013825 km
JOO CHIAT ROAD,cityhall,5.73314653354253 km
TOH AVENUE,cityhall,15.721792052980346 km
BOSCOMBE ROAD,cityhall,4.981806383407497 km
GREENVIEW CRESCENT,cityhall,6.723779200044693 km
SIMON LANE,cityhall,8.383953559493294 km
MAYFLOWER LANE,cityhall,8.734247139881926 km
JAGO CLOSE,cityhall,6.326473352238793 km
JALAN MERLIMAU,cityhall,3.4931168881971826 km
SANDY LANE,cityhall,5.025835160031783 km
CLUNY PARK,cityhall,5.348121044528459 km
FOURTH STREET,cityhall,8.314934387287483 km
JALAN REMIS,cityhall,9.61041294755062 km
PROME ROAD,cityhall,3.55832451193449 km
LORONG 25 GEYLANG,cityhall,3.6989374805654376 km
CORNWALL GARDENS,cityhall,6.141083923998551 km
COVE GROVE,cityhall,6.20533871548112 km
MAYFLOWER ROAD,cityhall,8.666901408930713 km
SOPHIA ROAD,cityhall,0.9274078652784515 km
LASIA AVENUE,cityhall,7.596765788253875 km
ROBEY CRESCENT,cityhall,8.78524522421837 km
SUNSET DRIVE,cityhall,10.048191109478665 km
SEA BREEZE AVENUE,cityhall,12.211720985478562 km
HAIGSVILLE DRIVE,cityhall,5.373582247714093 km
MERAGI TERRACE,cityhall,13.170377265963644 km
LORONG 22 GEYLANG,cityhall,3.6556131092544577 km
JALAN TARI PAYONG,cityhall,11.779228239547452 km
CHEOW KENG ROAD,cityhall,6.130221976228448 km
PHOENIX GARDEN,cityhall,14.015222563537327 km
CHESTNUT AVENUE,cityhall,12.430871476514202 km
TEOW HOCK AVENUE,cityhall,8.23827756551535 km
MAYFLOWER WAY,cityhall,8.8269071023395 km
CHAPEL ROAD,cityhall,15.518392230499748 km
MAYFLOWER TERRACE,cityhall,8.801729603607994 km
JALAN PUNAI,cityhall,7.229166596500395 km
JALAN HAROM SETANGKAI,cityhall,5.285585766005081 km
BUKIT TERESA CLOSE,cityhall,3.537590633742112 km
JALAN BILAL,cityhall,11.731930605963797 km
JALAN JAMBU MAWAR,cityhall,8.531913187296645 km
NAROOMA ROAD,cityhall,4.789639621793649 km
RANGOON LANE,cityhall,2.58725174841943 km
STRATTON DRIVE,cityhall,9.851022497161816 km
HOUGANG AVENUE 1,cityhall,7.723784400485961 km
DUKU LANE,cityhall,6.335896919527664 km
JALAN SENANDONG,cityhall,8.38700582298003 km
PHENG GECK AVENUE,cityhall,4.4413748742844845 km
JALAN MERAH SAGA,cityhall,6.260932068691588 km
TOH TUCK PLACE,cityhall,10.986138633923463 km
KEW TERRACE,cityhall,11.211026031752816 km
PALM DRIVE,cityhall,8.962766813992857 km
SWISS CLUB ROAD,cityhall,8.222320706395637 km
CARNATION DRIVE,cityhall,7.282279198791214 km
ROSYTH TERRACE,cityhall,8.175839665816861 km
STONE AVENUE,cityhall,8.846802723721483 km
PALM AVENUE,cityhall,8.946418049797758 km
WARINGIN WALK,cityhall,8.02063835620989 km
JALAN ZAMRUD,cityhall,12.428878618954764 km
MARINE PARADE,cityhall,9.150071103994172 km
LORONG 110 CHANGI,cityhall,6.956646125118439 km
THOMSON RIDGE,cityhall,6.925646497645145 km
GLADIOLA DRIVE,cityhall,7.2173669409914485 km
CHANCERY HILL WALK,cityhall,3.6933312239171494 km
PLANTATION AVENUE,cityhall,7.663839600936037 km
LORONG 104 CHANGI,cityhall,6.074461391772841 km
FABER AVENUE,cityhall,10.874412858427277 km
ORIOLE CRESCENT,cityhall,7.2363775341017735 km
ENG KONG CRESCENT,cityhall,10.480452020669313 km
RIDOUT ROAD,cityhall,5.423387076513201 km
LORONG 24A GEYLANG,cityhall,4.148173426220198 km
EDEN GROVE,cityhall,5.995409285487447 km
THONG SOON ROAD,cityhall,12.159281410459773 km
STARLIGHT ROAD,cityhall,2.3200513651756607 km
FERNHILL ROAD,cityhall,3.7693567843709435 km
LORONG 4 REALTY PARK,cityhall,9.264866150976054 km
ENG KONG LANE,cityhall,10.28312513796142 km
JALAN TUPAI,cityhall,2.762657970320468 km
JALAN TAMBAN,cityhall,6.709879321700666 km
PEBBLE LANE,cityhall,5.020601583516832 km
MERINO CRESCENT,cityhall,5.071424474270434 km
JALAN REBANA,cityhall,8.278867115312519 km
GILSTEAD ROAD,cityhall,2.8717031073661152 km
JERVOIS HILL,cityhall,3.7455134817557267 km
EVERGREEN AVENUE,cityhall,9.571896697331033 km
MARGOLIOUTH ROAD,cityhall,4.1240873793521065 km
SPRINGLEAF HEIGHT,cityhall,11.994078437227644 km
TEO KIM ENG ROAD,cityhall,7.342801548312885 km
ARTHUR ROAD,cityhall,4.264046219400555 km
LORONG 6 GEYLANG,cityhall,3.3444128348210804 km
JALAN KERIA,cityhall,9.41496732571047 km
JALAN PUTERI JULA JULI,cityhall,7.810155556769323 km
CLUNY ROAD,cityhall,4.746805590949573 km
LORONG 20 GEYLANG,cityhall,3.8637020235771558 km
LORONG 102 CHANGI,cityhall,5.967442651393138 km
KAMPONG JAVA ROAD,cityhall,2.4146058270974287 km
JALAN MERBOK,cityhall,11.39795689394183 km
JALAN BATALONG EAST,cityhall,14.891981678806621 km
LORONG PISANG ASAM,cityhall,10.405254337664193 km
JALAN SEMPADAN,cityhall,8.625365552964205 km
ROBIN WALK,cityhall,4.1103081069670475 km
CAMDEN PARK,cityhall,5.582383981940293 km
JALAN TECK KEE,cityhall,7.634340895152208 km
CHESTNUT LANE,cityhall,12.446343644616245 km
WOOLLERTON DRIVE,cityhall,5.486324275179484 km
LAKME TERRACE,cityhall,8.659116293113541 km
JALAN BASONG,cityhall,18.118431577937262 km
KERONG WALK,cityhall,18.437968940866813 km
NAMLY GROVE,cityhall,7.185245457647027 km
JALAN JANGGUS,cityhall,18.345141984333818 km
GUOK AVENUE,cityhall,8.875897289207472 km
JOO HONG ROAD,cityhall,8.728349901111898 km
SIMS AVENUE,cityhall,4.844552168018527 km
TANAH MERAH KECHIL ROAD,cityhall,10.785210248841441 km
JALAN CHEMPAH,cityhall,6.9036645480407115 km
PALM GROVE AVENUE,cityhall,8.091915116906279 km
FARRER ROAD,cityhall,5.694029320711526 km
JALAN MATA AYER,cityhall,14.945994566020854 km
MATTAR ROAD,cityhall,4.8304048550803405 km
BUKIT MUGLISTON,cityhall,10.637543562871707 km
MEYAPPA CHETTIAR ROAD,cityhall,4.656925357248728 km
LORONG 3 GEYLANG,cityhall,3.2157590276194163 km
SALAM WALK,cityhall,11.429612264345916 km
STILL ROAD,cityhall,6.419605555825716 km
JALAN SELENDANG DELIMA,cityhall,7.780741556329742 km
KEE CHOE AVENUE,cityhall,4.698086657580327 km
STEVENS CLOSE,cityhall,3.831952099728206 km
BUKIT AYER MOLEK,cityhall,9.322799081249682 km
EASTWOOD WALK,cityhall,12.065559017363144 km
JALAN SEMERBAK,cityhall,3.727709782301306 km
LORONG 18 GEYLANG,cityhall,3.754419982827197 km
JALAN PELEPAH,cityhall,6.723768903909232 km
ALLAMANDA GROVE,cityhall,7.294624308370172 km
SEA BREEZE GROVE,cityhall,12.194261314926498 km
JALAN JERMIN,cityhall,5.36057469566295 km
JALAN JELITA,cityhall,7.579732340706849 km
MOUNT SINAI RISE,cityhall,8.436836883131454 km
HERTFORD ROAD,cityhall,2.231983613897201 km
LUCKY CRESCENT,cityhall,10.162350043200979 km
MAYFLOWER AVENUE,cityhall,9.360849237131497 km
BUKIT TERESA ROAD,cityhall,3.40916012577504 km
MOUNT SINAI AVENUE,cityhall,8.24960725088711 km
BLANDFORD DRIVE,cityhall,7.348265987074119 km
JALAN LAYANG LAYANG,cityhall,10.939413615262332 km
MUGLISTON GARDENS,cityhall,10.525904484066936 km
PRINCESS OF WALES ROAD,cityhall,5.938527855689151 km
FIRST STREET,cityhall,8.208989376812232 km
JALAN MULIA,cityhall,5.288218401656254 km
GREENLEAF GROVE,cityhall,8.090513402845282 km
LIM AH WOO ROAD,cityhall,4.830446031240266 km
VAUGHAN ROAD,cityhall,6.266518573504082 km
JALAN PEMIMPIN,cityhall,6.506433893655779 km
AMBER ROAD,cityhall,5.159572070881201 km
ENG NEO AVENUE,cityhall,7.494434580667692 km
SARKIES ROAD,cityhall,2.867486214285565 km
JALAN JINTAN,cityhall,2.503253495803214 km
WAREHAM ROAD,cityhall,4.975503521874753 km
KENG CHIN ROAD,cityhall,3.677889936001317 km
NOVENA TERRACE,cityhall,3.2950580765824733 km
BEE SAN AVENUE,cityhall,8.875929758958794 km
ROCHALIE DRIVE,cityhall,3.4264657945532813 km
JALAN USAHA,cityhall,6.6214194787709335 km
GUAN SOON AVENUE,cityhall,12.269867143733036 km
JALAN BATU NILAM,cityhall,12.441791503850364 km
BUKIT TUNGGAL ROAD,cityhall,3.560589014927282 km
VEERAGOO CLOSE,cityhall,7.880547722554486 km
ORCHID DRIVE,cityhall,7.324238648479467 km
PRINCE OF WALES ROAD,cityhall,5.912887332580422 km
LORONG 33 GEYLANG,cityhall,4.578426928206112 km
TOH STREET,cityhall,15.609622632310439 km
MOUNT ROSIE TERRACE,cityhall,3.7810762971786316 km
FOURTH AVENUE,cityhall,7.468282189295943 km
ANDREWS AVENUE,cityhall,18.401465864285314 km
JALAN SOTONG,cityhall,6.7725887819208195 km
LENGKOK ANGSA,cityhall,2.625704295598164 km
MERAGI CLOSE,cityhall,13.184035724996756 km
JALAN INSAF,cityhall,6.637245335193081 km
GUILLEMARD LANE,cityhall,3.67181260855215 km
SUNDRIDGE PARK ROAD,cityhall,6.0553313198455845 km
JALAN KERAYONG,cityhall,18.259871310493633 km
GREENLEAF LANE,cityhall,7.944326888592093 km
BORTHWICK DRIVE,cityhall,7.511193109247541 km
BALMEG HILL,cityhall,7.782428650024419 km
JALAN KAKATUA,cityhall,10.947850841632041 km
JALAN AZAM,cityhall,7.787391524489389 km
WATTEN DRIVE,cityhall,6.381321028597228 km
WHITE HOUSE PARK,cityhall,4.2748473389019175 km
WEST COAST VIEW,cityhall,9.577257814180813 km
SING AVENUE,cityhall,2.361358979647501 km
QUEEN ASTRID PARK,cityhall,7.46452981995275 km
JANSEN CLOSE,cityhall,7.779818026067502 km
DUNMAN LANE,cityhall,5.029891590959978 km
BOWMONT GARDENS,cityhall,7.874880025020514 km
LORONG 11 GEYLANG,cityhall,3.4741505608454095 km
JALAN DINDING,cityhall,17.12269894954008 km
JALAN SOO BEE,cityhall,12.049956746070235 km
JALAN SAMARINDA,cityhall,7.907970916475273 km
GOLDHILL VIEW,cityhall,3.686602462557534 km
JALAN BATALONG,cityhall,14.519288492419792 km
NIM ROAD,cityhall,10.108089390197415 km
STEVENS DRIVE,cityhall,3.9613389660685687 km
LENTOR CRESCENT,cityhall,10.737168669188895 km
LENTOR LINK,cityhall,10.892517543829038 km
LENTOR LANE,cityhall,10.704063290974094 km
LENTOR PLACE,cityhall,10.775623288416432 km
LIMAU TERRACE,cityhall,11.35777823129679 km
LIMAU RISE,cityhall,11.338599623911547 km
PAYA LEBAR WALK,cityhall,6.889319623682655 km
LOYANG BESAR CLOSE,cityhall,15.098626962659864 km
LANTANA AVENUE,cityhall,7.615688422395279 km
JALAN GEMBIRA,cityhall,5.301523590561766 km
JALAN SETIA,cityhall,5.32026525701073 km
JALAN KEMAJUAN,cityhall,5.43648680850205 km
JALAN MESRA,cityhall,5.279018935812748 km
JALAN HIBORAN,cityhall,5.387672369719814 km
JALAN MUHIBBAH,cityhall,5.323313905712446 km
TUA KONG PLACE,cityhall,8.544727346919997 km
JALAN GAHARU,cityhall,9.523054893660076 km
CROUCHER ROAD,cityhall,5.865119435945186 km
SEAGULL WALK,cityhall,13.754002616374526 km
ALMOND STREET,cityhall,12.54352922186304 km
ALMOND AVENUE,cityhall,12.518417741147509 km
JALAN BINCHANG,cityhall,6.560302903910004 km
BUKIT WAY,cityhall,10.273826673401398 km
MUGLISTON WALK,cityhall,10.721434644819986 km
JALAN SAMPURNA,cityhall,7.029521084640142 km
PARADISE ISLAND,cityhall,4.856498783908928 km
POH HUAT DRIVE,cityhall,8.688613075693322 km
PAVILION CIRCLE,cityhall,14.19191360547284 km
PAVILION VIEW,cityhall,14.065781496712933 km
PAVILION PLACE,cityhall,14.128579238773668 km
PAVILION GROVE,cityhall,14.012428447966665 km
PAVILION RISE,cityhall,14.16054449151153 km
PAVILION GREEN,cityhall,14.026053886181703 km
PAVILION STREET,cityhall,14.143738038216778 km
PEAKVILLE TERRACE,cityhall,11.090261706715447 km
PEAKVILLE AVENUE,cityhall,11.101971228279114 km
PEAKVILLE GROVE,cityhall,11.189082140992976 km
JALAN PARI UNAK,cityhall,11.023915837710739 km
PEAKVILLE WALK,cityhall,11.12907868756099 km
POH HUAT TERRACE,cityhall,8.716156293431105 km
DUCHESS ROAD,cityhall,6.030676171400508 km
MUNSHI ABDULLAH WALK,cityhall,10.198104935100814 km
SUNSET AVENUE,cityhall,7.348955416740935 km
FERNVALE CLOSE,cityhall,11.688915533652416 km
SANDY ISLAND,cityhall,5.885848777499632 km
MERRYN TERRACE,cityhall,4.611596103604061 km
SIRAT PLACE,cityhall,7.64018545175706 km
MERRYN AVENUE,cityhall,4.634397320827161 km
ENG KONG DRIVE,cityhall,10.33470689151463 km
JALAN KERUING,cityhall,10.397365726442196 km
JALAN LAKUM,cityhall,10.411667791951967 km
JALAN LEKUB,cityhall,10.138917553361015 km
JALAN JARAK,cityhall,10.131887472875942 km
JALAN BANGAU,cityhall,10.141498884550899 km
JALAN PELAJAU,cityhall,10.443945645056184 km
SELETAR HILLS DRIVE,cityhall,10.12416602589039 km
JALAN LEBAT DAUN,cityhall,10.12877219712116 km
NERAM ROAD,cityhall,10.5484537316582 km
JALAN SINDOR,cityhall,10.21237632016349 km
JALAN PERADUN,cityhall,10.130653480330082 km
KASAI ROAD,cityhall,10.400528772499491 km
JALAN RENGAS,cityhall,10.377369747967371 km
JALAN KELULUT,cityhall,10.304707188278703 km
JALAN CHERMAI,cityhall,10.48046660448151 km
SELETAR CRESCENT,cityhall,12.207986046555142 km
JALAN JORAN,cityhall,10.384969263344786 km
JALAN RESAK,cityhall,10.21934824602553 km
NIM GREEN,cityhall,10.101258155833678 km
SARACA HILL,cityhall,10.275495771157168 km
JALAN KETUMBIT,cityhall,10.34252438283758 km
NERAM CRESCENT,cityhall,10.334132382543794 km
JALAN JITONG,cityhall,10.13147207452012 km
NIM DRIVE,cityhall,10.121223159178466 km
MIMOSA CRESCENT,cityhall,10.095326991113385 km
JALAN ANTOI,cityhall,10.346513274411175 km
JALAN SAJAK,cityhall,16.226341485299354 km
JALAN SERENGAM,cityhall,16.69889442601892 km
JALAN CHERPEN,cityhall,16.178142323303312 km
JALAN SALANG,cityhall,16.175921781334228 km
JALAN HIKAYAT,cityhall,16.266042178448384 km
JALAN SHAER,cityhall,16.294070582837765 km
JALAN TELIPOK,cityhall,16.796769510140262 km
JALAN GAPIS,cityhall,18.352010135423377 km
JALAN MALU-MALU,cityhall,16.51097847166099 km
BROCKHAMPTON DRIVE,cityhall,7.401528247554218 km
CARDIFF GROVE,cityhall,7.524126614460258 km
HYTHE ROAD,cityhall,8.275185162543632 km
CARISBROOKE GROVE,cityhall,7.530031782307061 km
WALMER DRIVE,cityhall,7.995524055248165 km
JALAN CHULEK,cityhall,8.256217234167048 km
WORTHING ROAD,cityhall,8.292621859499725 km
CONISTON GROVE,cityhall,7.508400386433517 km
SERANGOON GARDEN WAY,cityhall,7.949219608270716 km
HUDDINGTON AVENUE,cityhall,8.228231738569729 km
CROWHURST DRIVE,cityhall,7.6748395099295985 km
CHISELHURST GROVE,cityhall,7.53279953491365 km
PORTCHESTER AVENUE,cityhall,8.148733810093548 km
BRAEMAR DRIVE,cityhall,7.457325002648489 km
MEDWAY DRIVE,cityhall,7.7523775713294105 km
BRIDPORT AVENUE,cityhall,8.13972917900387 km
CORAL ISLAND,cityhall,4.657020129000579 km
HEMSLEY AVENUE,cityhall,8.393129404918827 km
BERWICK DRIVE,cityhall,8.093431427160848 km
BURGHLEY DRIVE,cityhall,7.373922969971541 km
ALNWICK ROAD,cityhall,8.014195762355486 km
LICHFIELD ROAD,cityhall,8.034290360358876 km
COOLING CLOSE,cityhall,7.390784276166037 km
COWDRAY AVENUE,cityhall,8.165645072669047 km
LUDLOW PLACE,cityhall,8.03945980965289 km
RAGLAN GROVE,cityhall,8.018927474798938 km
FARLEIGH AVENUE,cityhall,8.011818592204266 km
JALAN HWI YOH,cityhall,8.12018255694411 km
PENSHURST PLACE,cityhall,7.817272839174491 km
KINGSWEAR AVENUE,cityhall,8.302651953450676 km
CONWAY GROVE,cityhall,7.513946924699201 km
COURT ROAD,cityhall,0.4078155226567133 km
BLOXHOME DRIVE,cityhall,7.618043983725692 km
CRICHTON CLOSE,cityhall,7.240707674102841 km
KENSINGTON PARK ROAD,cityhall,8.043648161596455 km
BODMIN DRIVE,cityhall,7.564131337870647 km
YORK PLACE,cityhall,8.382497106121317 km
STOKESAY DRIVE,cityhall,7.9424917761590095 km
MORETON CLOSE,cityhall,7.764936591028179 km
RIPLEY CRESCENT,cityhall,8.043415103922909 km
CHEPSTOW CLOSE,cityhall,8.068451224004745 km
CORFE PLACE,cityhall,7.446285868847443 km
PANG SENG ROAD,cityhall,4.850010602678761 km
SEA BREEZE WALK,cityhall,12.166188447084343 km
FARRER DRIVE,cityhall,5.565712392857541 km
SOMMERVILLE ESTATE ROAD,cityhall,5.569448535713765 km
SEMBAWANG WALK,cityhall,16.64974276225139 km
SPRINGLEAF RISE,cityhall,12.063253818859334 km
SPRINGLEAF LANE,cityhall,12.018025628043315 km
SPRINGLEAF GARDEN,cityhall,11.921412587623845 km
SPRINGLEAF DRIVE,cityhall,12.230733501982453 km
SPRINGLEAF CRESCENT,cityhall,12.022283583302778 km
SPRINGLEAF VIEW,cityhall,12.103538738079989 km
KISMIS GREEN,cityhall,10.210261408146572 km
KISMIS ROAD,cityhall,10.374323537108074 km
WEST COAST GROVE,cityhall,11.045181813029176 km
TAI HWAN HEIGHTS,cityhall,7.161315955443086 km
TAI HWAN PLACE,cityhall,7.183464509698213 km
TAI HWAN WALK,cityhall,7.09117333618669 km
TAI HWAN CLOSE,cityhall,7.148128240439586 km
TAI HWAN LANE,cityhall,7.14913977063871 km
TAI HWAN AVENUE,cityhall,7.061587040342049 km
TAI HWAN GROVE,cityhall,7.1022459338551895 km
TAI YUAN HEIGHTS,cityhall,7.453068761236945 km
MAS KUNING TERRACE,cityhall,9.890956663802074 km
GREENWOOD LANE,cityhall,7.137296192951082 km
GREENWOOD TERRACE,cityhall,7.067751844456231 km
HINDHEDE PLACE,cityhall,10.335267075500504 km
CHEMPAKA KUNING LINK,cityhall,11.59771261276857 km
LAUREL WOOD AVENUE,cityhall,7.864841705854246 km
WESTWOOD AVENUE,cityhall,18.31766303911062 km
ONTARIO AVENUE,cityhall,7.652832775088291 km
JALAN IKAN MERAH,cityhall,7.036358792832366 km
JALAN BELIBAS,cityhall,7.176264747285027 km
SEMBAWANG HILLS DRIVE,cityhall,9.596660821293318 km
THOMSON HILLS DRIVE,cityhall,9.741991943278963 km
TOH HEIGHTS,cityhall,15.525304945111811 km
CHUAN TERRACE,cityhall,7.836238299739976 km
SIGLAP VIEW,cityhall,7.662734012206273 km
WEST COAST WALK,cityhall,10.037702623259863 km
WOOLLERTON PARK,cityhall,5.572541581625619 km
